{
  "rewards_avg": [
    0.09375,
    0.08380681818181818,
    0.10390625,
    0.153125,
    0.24453125,
    0.36640625,
    0.4265625,
    0.40625,
    0.42421875,
    0.5296875,
    0.56328125,
    0.53828125,
    0.53671875,
    0.534375,
    0.51640625,
    0.534375,
    0.62265625,
    0.60234375,
    0.56953125,
    0.61953125,
    0.65703125,
    0.6890625,
    0.64296875,
    0.60625,
    0.61328125,
    0.64140625,
    0.70078125,
    0.71328125,
    0.67109375,
    0.67578125,
    0.715625,
    0.63203125,
    0.6,
    0.69375,
    0.71953125,
    0.72890625,
    0.64921875,
    0.596875,
    0.609375,
    0.6640625,
    0.696875,
    0.6765625,
    0.68125,
    0.6546875,
    0.69453125,
    0.73125,
    0.7640625,
    0.7125,
    0.6390625,
    0.7078125,
    0.753125,
    0.6828125,
    0.63984375,
    0.6171875,
    0.6375,
    0.62109375,
    0.6765625,
    0.75,
    0.6859375,
    0.68125,
    0.67734375,
    0.71796875,
    0.7609375,
    0.71640625,
    0.69453125,
    0.7171875,
    0.721875,
    0.6703125,
    0.6328125,
    0.68828125,
    0.63515625,
    0.625,
    0.7140625,
    0.67109375,
    0.7171875,
    0.72265625,
    0.64140625,
    0.67578125,
    0.7203125,
    0.69296875,
    0.61953125,
    0.596875,
    0.6109375,
    0.66484375,
    0.73671875,
    0.72109375,
    0.7234375,
    0.70859375,
    0.70546875,
    0.70078125,
    0.678125,
    0.67109375,
    0.68359375,
    0.70859375,
    0.68203125,
    0.6921875,
    0.66953125,
    0.67734375,
    0.70625,
    0.6984375,
    0.659375,
    0.6640625,
    0.6890625,
    0.6015625,
    0.61875,
    0.70859375,
    0.70546875,
    0.6828125,
    0.69453125,
    0.66640625,
    0.66875,
    0.68515625,
    0.7078125,
    0.73046875,
    0.61953125,
    0.54296875,
    0.65625,
    0.67890625,
    0.621875,
    0.703125
  ],
  "train_accuracies_avg": [
    0.09375,
    0.08380681818181818,
    0.10390625,
    0.153125,
    0.24453125,
    0.36640625,
    0.4265625,
    0.40625,
    0.42421875,
    0.5296875,
    0.56328125,
    0.53828125,
    0.53671875,
    0.534375,
    0.51640625,
    0.534375,
    0.62265625,
    0.60234375,
    0.56953125,
    0.61953125,
    0.65703125,
    0.6890625,
    0.64296875,
    0.60625,
    0.61328125,
    0.64140625,
    0.70078125,
    0.71328125,
    0.67109375,
    0.67578125,
    0.715625,
    0.63203125,
    0.6,
    0.69375,
    0.71953125,
    0.72890625,
    0.64921875,
    0.596875,
    0.609375,
    0.6640625,
    0.696875,
    0.6765625,
    0.68125,
    0.6546875,
    0.69453125,
    0.73125,
    0.7640625,
    0.7125,
    0.6390625,
    0.7078125,
    0.753125,
    0.6828125,
    0.63984375,
    0.6171875,
    0.6375,
    0.62109375,
    0.6765625,
    0.75,
    0.6859375,
    0.68125,
    0.67734375,
    0.71796875,
    0.7609375,
    0.71640625,
    0.69453125,
    0.7171875,
    0.721875,
    0.6703125,
    0.6328125,
    0.68828125,
    0.63515625,
    0.625,
    0.7140625,
    0.67109375,
    0.7171875,
    0.72265625,
    0.64140625,
    0.67578125,
    0.7203125,
    0.69296875,
    0.61953125,
    0.596875,
    0.6109375,
    0.66484375,
    0.73671875,
    0.72109375,
    0.7234375,
    0.70859375,
    0.70546875,
    0.70078125,
    0.678125,
    0.67109375,
    0.68359375,
    0.70859375,
    0.68203125,
    0.6921875,
    0.66953125,
    0.67734375,
    0.70625,
    0.6984375,
    0.659375,
    0.6640625,
    0.6890625,
    0.6015625,
    0.61875,
    0.70859375,
    0.70546875,
    0.6828125,
    0.69453125,
    0.66640625,
    0.66875,
    0.68515625,
    0.7078125,
    0.73046875,
    0.61953125,
    0.54296875,
    0.65625,
    0.67890625,
    0.621875,
    0.703125
  ],
  "val_accuracies_avg": [
    0.25,
    0.5,
    0.5,
    0.59375,
    0.375,
    0.71875,
    0.59375,
    0.6875,
    0.8125,
    0.625,
    0.8125,
    0.84375,
    0.78125,
    0.78125,
    0.78125,
    0.71875,
    0.75,
    0.78125,
    0.75,
    0.5625,
    0.875,
    0.71875,
    0.875,
    0.75,
    0.6875,
    0.75,
    0.78125,
    0.8125,
    0.78125,
    0.65625,
    0.78125,
    0.71875,
    0.75,
    0.6875,
    0.75,
    0.875,
    0.8125,
    0.875,
    0.8125,
    0.625,
    0.78125,
    0.75,
    0.84375,
    0.75,
    0.875,
    0.71875,
    0.65625,
    0.84375,
    0.71875,
    0.71875,
    0.75,
    0.71875,
    0.875,
    0.84375,
    0.90625,
    0.8125,
    0.78125,
    0.8125,
    0.65625,
    0.78125,
    0.84375,
    0.75,
    0.75,
    0.84375,
    0.71875,
    0.75,
    0.8125,
    0.78125,
    0.8125,
    0.78125,
    0.78125,
    0.78125,
    0.75,
    0.8125,
    0.8125,
    0.6875,
    0.84375,
    0.75,
    0.71875,
    0.78125,
    0.6875,
    0.9375,
    0.71875,
    0.71875,
    0.84375,
    0.90625,
    0.78125,
    0.90625,
    0.8125,
    0.875,
    0.84375,
    0.84375,
    0.625,
    0.875,
    0.84375,
    0.875,
    0.71875,
    0.8125,
    0.71875,
    0.8125,
    0.90625,
    0.65625,
    0.84375,
    0.78125,
    0.78125,
    0.6875,
    0.71875,
    0.90625,
    0.75,
    0.71875,
    0.78125,
    0.84375,
    0.71875,
    0.84375,
    0.8125,
    0.75,
    0.75,
    0.71875,
    0.6875,
    0.78125
  ],